<?xml version="1.0" encoding="UTF-8"?>
<!DOCTYPE hibernate-configuration SYSTEM 
    "http://www.hibernate.org/dtd/hibernate-configuration-3.0.dtd">
<hibernate-configuration>
  <session-factory>
     <property name="connection.driver_class">com.mysql.jdbc.Driver</property>
     <property name="connection.url">jdbc:mysql://Localhost:3306/Adeline</property>
     <property name="connection.username">root</property> 
     <property name="connection.password">Adeline</property>
     <property name="dialect">org.hibernate.MySQLDialect</property>
     <property name="hbm2ddl.auto">update</property>
     <property name="show_sql">true</property>
     
  </session-factory>
</hibernate-configuration>
	
	

